Workbook

Sheet THAM_DINH_KHOAN_VAY
A1: NGÂN HÀNG TMCP VIỆT NAM THỊNH VƯỢNG (VPBANK) - KHỐI KHÁCH HÀNG CÁ NHÂN
A2: MÔ HÌNH THẨM ĐỊNH TÍN DỤNG & ĐÁNH GIÁ NGHĨA VỤ NỢ (DTI / LTV)
A3: Người lập: Lê Hương Giang (MSV: 223001361) | Vị trí: Chuyên viên Hỗ trợ Tín dụng (CSO)
A5: I. THÔNG SỐ GÓI VAY THẾ CHẤP (BẤT ĐỘNG SẢN / NHÀ DỰ ÁN)
A6: Số tiền đề nghị vay (VND): | B6: 2000000000 | C6: Số tiền giải ngân dự kiến
A7: Thời hạn vay vốn (Tháng): | B7: 240 | C7: 20 năm (240 kỳ trả nợ)
A8: Lãi suất ưu đãi năm đầu (%/năm): | B8: 0.065 | C8: Cố định 12 tháng đầu
A9: Lãi suất thả nổi dự kiến (%/năm): | B9: 0.095 | C9: Lãi suất cơ sở + Biên độ 3.5%
A10: Phương thức trả nợ: | B10: Gốc đều hàng tháng, Lãi tính theo dư nợ giảm dần | C10: Chuẩn VPBank Retail
A11: Giá trị tài sản bảo đảm định giá (VND): | B11: 2800000000 | C11: Căn hộ chung cư cao cấp
A13: II. THẨM ĐỊNH NĂNG LỰC TÀI CHÍNH & TỶ LỆ TRẢ NỢ DTI
A14: Tổng thu nhập chứng minh hàng tháng (VND): | B14: 45000000 | C14: Lương chuyển khoản qua VCB + Cho thuê xe
A15: Chi phí sinh hoạt tối thiểu của hộ gia đình (VND): | B15: 15000000 | C15: Định mức theo quy chế VPBank
A16: Nghĩa vụ trả nợ các TCTD khác (CIC) (VND): | B16: 0 | C16: Lịch sử CIC Nhóm 1 - Tốt
A17: Số tiền gốc trả hàng tháng (VND): | B17: =B6/B7 | C17: Gốc bình quân = 2,000,000,000 / 240
A18: Số tiền lãi tháng cao nhất (Kỳ 1) (VND): | B18: =B6*(B8/12) | C18: Lãi tháng 1 = 2,000,000,000 * 6.5% / 12
A19: Tổng nghĩa vụ trả nợ tháng cao nhất (VND): | B19: =B17+B18 | C19: Gốc + Lãi tháng 1
A20: Tỷ lệ nghĩa vụ nợ trên thu nhập (DTI): | B20: =B19/B14 | C20: Quy định VPBank: DTI <= 60%
A21: Tỷ lệ cho vay trên giá trị tài sản (LTV): | B21: =B6/B11 | C21: Quy định VPBank: LTV <= 75%
A23: III. KẾT LUẬN THẨM ĐỊNH SƠ BỘ CỦA CHUYÊN VIÊN HỖ TRỢ TÍN DỤNG
A24: Đánh giá DTI: | B24: =IF(B20<=0.6, "✅ ĐẠT YÊU CẦU (DTI <= 60%)", "❌ CẢNH BÁO RỦI RO (DTI > 60%)")
A25: Đánh giá LTV: | B25: =IF(B21<=0.75, "✅ ĐẠT YÊU CẦU (LTV <= 75%)", "❌ VƯỢT QUY ĐỊNH (LTV > 75%)")
A26: Đề xuất phê duyệt: | B26: ĐỦ ĐIỀU KIỆN TIẾP NHẬN & CHUYỂN BỘ PHẬN TÁC NGHIỆP TRÌNH PHÊ DUYỆT TÍN DỤNG

Sheet LICH_TRA_NO_240_KY
A1: BẢNG LỊCH THANH TOÁN GỐC & LÃI CHI TIẾT 240 KỲ (DƯ NỢ GIẢM DẦN)
A3: Kỳ trả nợ | B3: Dư nợ đầu kỳ (VND) | C3: Gốc trả hàng tháng (VND) | D3: Lãi suất áp dụng | E3: Tiền lãi hàng tháng (VND) | F3: Tổng thanh toán kỳ (VND) | G3: Dư nợ cuối kỳ (VND)
A4: 1 | B4: =THAM_DINH_KHOAN_VAY!B6 | C4: =THAM_DINH_KHOAN_VAY!$B$6/THAM_DINH_KHOAN_VAY!$B$7 | D4: =THAM_DINH_KHOAN_VAY!$B$8 | E4: =B4*(D4/12) | F4: =C4+E4 | G4: =MAX(0, B4-C4)
A5: 2 | B5: =G4 | C5: =THAM_DINH_KHOAN_VAY!$B$6/THAM_DINH_KHOAN_VAY!$B$7 | D5: =THAM_DINH_KHOAN_VAY!$B$8 | E5: =B5*(D5/12) | F5: =C5+E5 | G5: =MAX(0, B5-C5)
A6: 3 | B6: =G5 | C6: =THAM_DINH_KHOAN_VAY!$B$6/THAM_DINH_KHOAN_VAY!$B$7 | D6: =THAM_DINH_KHOAN_VAY!$B$8 | E6: =B6*(D6/12) | F6: =C6+E6 | G6: =MAX(0, B6-C6)
A7: 4 | B7: =G6 | C7: =THAM_DINH_KHOAN_VAY!$B$6/THAM_DINH_KHOAN_VAY!$B$7 | D7: =THAM_DINH_KHOAN_VAY!$B$8 | E7: =B7*(D7/12) | F7: =C7+E7 | G7: =MAX(0, B7-C7)
A8: 5 | B8: =G7 | C8: =THAM_DINH_KHOAN_VAY!$B$6/THAM_DINH_KHOAN_VAY!$B$7 | D8: =THAM_DINH_KHOAN_VAY!$B$8 | E8: =B8*(D8/12) | F8: =C8+E8 | G8: =MAX(0, B8-C8)
A9: 6 | B9: =G8 | C9: =THAM_DINH_KHOAN_VAY!$B$6/THAM_DINH_KHOAN_VAY!$B$7 | D9: =THAM_DINH_KHOAN_VAY!$B$8 | E9: =B9*(D9/12) | F9: =C9+E9 | G9: =MAX(0, B9-C9)
A10: 7 | B10: =G9 | C10: =THAM_DINH_KHOAN_VAY!$B$6/THAM_DINH_KHOAN_VAY!$B$7 | D10: =THAM_DINH_KHOAN_VAY!$B$8 | E10: =B10*(D10/12) | F10: =C10+E10 | G10: =MAX(0, B10-C10)
A11: 8 | B11: =G10 | C11: =THAM_DINH_KHOAN_VAY!$B$6/THAM_DINH_KHOAN_VAY!$B$7 | D11: =THAM_DINH_KHOAN_VAY!$B$8 | E11: =B11*(D11/12) | F11: =C11+E11 | G11: =MAX(0, B11-C11)
A12: 9 | B12: =G11 | C12: =THAM_DINH_KHOAN_VAY!$B$6/THAM_DINH_KHOAN_VAY!$B$7 | D12: =THAM_DINH_KHOAN_VAY!$B$8 | E12: =B12*(D12/12) | F12: =C12+E12 | G12: =MAX(0, B12-C12)
A13: 10 | B13: =G12 | C13: =THAM_DINH_KHOAN_VAY!$B$6/THAM_DINH_KHOAN_VAY!$B$7 | D13: =THAM_DINH_KHOAN_VAY!$B$8 | E13: =B13*(D13/12) | F13: =C13+E13 | G13: =MAX(0, B13-C13)
A14: 11 | B14: =G13 | C14: =THAM_DINH_KHOAN_VAY!$B$6/THAM_DINH_KHOAN_VAY!$B$7 | D14: =THAM_DINH_KHOAN_VAY!$B$8 | E14: =B14*(D14/12) | F14: =C14+E14 | G14: =MAX(0, B14-C14)
A15: 12 | B15: =G14 | C15: =THAM_DINH_KHOAN_VAY!$B$6/THAM_DINH_KHOAN_VAY!$B$7 | D15: =THAM_DINH_KHOAN_VAY!$B$8 | E15: =B15*(D15/12) | F15: =C15+E15 | G15: =MAX(0, B15-C15)
A16: 13 | B16: =G15 | C16: =THAM_DINH_KHOAN_VAY!$B$6/THAM_DINH_KHOAN_VAY!$B$7 | D16: =THAM_DINH_KHOAN_VAY!$B$9 | E16: =B16*(D16/12) | F16: =C16+E16 | G16: =MAX(0, B16-C16)
A17: 14 | B17: =G16 | C17: =THAM_DINH_KHOAN_VAY!$B$6/THAM_DINH_KHOAN_VAY!$B$7 | D17: =THAM_DINH_KHOAN_VAY!$B$9 | E17: =B17*(D17/12) | F17: =C17+E17 | G17: =MAX(0, B17-C17)
A18: 15 | B18: =G17 | C18: =THAM_DINH_KHOAN_VAY!$B$6/THAM_DINH_KHOAN_VAY!$B$7 | D18: =THAM_DINH_KHOAN_VAY!$B$9 | E18: =B18*(D18/12) | F18: =C18+E18 | G18: =MAX(0, B18-C18)
A19: 16 | B19: =G18 | C19: =THAM_DINH_KHOAN_VAY!$B$6/THAM_DINH_KHOAN_VAY!$B$7 | D19: =THAM_DINH_KHOAN_VAY!$B$9 | E19: =B19*(D19/12) | F19: =C19+E19 | G19: =MAX(0, B19-C19)
A20: 17 | B20: =G19 | C20: =THAM_DINH_KHOAN_VAY!$B$6/THAM_DINH_KHOAN_VAY!$B$7 | D20: =THAM_DINH_KHOAN_VAY!$B$9 | E20: =B20*(D20/12) | F20: =C20+E20 | G20: =MAX(0, B20-C20)
A21: 18 | B21: =G20 | C21: =THAM_DINH_KHOAN_VAY!$B$6/THAM_DINH_KHOAN_VAY!$B$7 | D21: =THAM_DINH_KHOAN_VAY!$B$9 | E21: =B21*(D21/12) | F21: =C21+E21 | G21: =MAX(0, B21-C21)
A22: 19 | B22: =G21 | C22: =THAM_DINH_KHOAN_VAY!$B$6/THAM_DINH_KHOAN_VAY!$B$7 | D22: =THAM_DINH_KHOAN_VAY!$B$9 | E22: =B22*(D22/12) | F22: =C22+E22 | G22: =MAX(0, B22-C22)
A23: 20 | B23: =G22 | C23: =THAM_DINH_KHOAN_VAY!$B$6/THAM_DINH_KHOAN_VAY!$B$7 | D23: =THAM_DINH_KHOAN_VAY!$B$9 | E23: =B23*(D23/12) | F23: =C23+E23 | G23: =MAX(0, B23-C23)
A24: 21 | B24: =G23 | C24: =THAM_DINH_KHOAN_VAY!$B$6/THAM_DINH_KHOAN_VAY!$B$7 | D24: =THAM_DINH_KHOAN_VAY!$B$9 | E24: =B24*(D24/12) | F24: =C24+E24 | G24: =MAX(0, B24-C24)
A25: 22 | B25: =G24 | C25: =THAM_DINH_KHOAN_VAY!$B$6/THAM_DINH_KHOAN_VAY!$B$7 | D25: =THAM_DINH_KHOAN_VAY!$B$9 | E25: =B25*(D25/12) | F25: =C25+E25 | G25: =MAX(0, B25-C25)
A26: 23 | B26: =G25 | C26: =THAM_DINH_KHOAN_VAY!$B$6/THAM_DINH_KHOAN_VAY!$B$7 | D26: =THAM_DINH_KHOAN_VAY!$B$9 | E26: =B26*(D26/12) | F26: =C26+E26 | G26: =MAX(0, B26-C26)
A27: 24 | B27: =G26 | C27: =THAM_DINH_KHOAN_VAY!$B$6/THAM_DINH_KHOAN_VAY!$B$7 | D27: =THAM_DINH_KHOAN_VAY!$B$9 | E27: =B27*(D27/12) | F27: =C27+E27 | G27: =MAX(0, B27-C27)
... A243: 240 | B243: =G242 | C243: =THAM_DINH_KHOAN_VAY!$B$6/THAM_DINH_KHOAN_VAY!$B$7 | D243: =THAM_DINH_KHOAN_VAY!$B$9 | E243: =B243*(D243/12) | F243: =C243+E243 | G243: =MAX(0, B243-C243)
A244: TỔNG CỘNG | C244: =SUM(C4:C243) | E244: =SUM(E4:E243) | F244: =SUM(F4:F243)
